Anul,Judetul,Total,0-1,1-4,5-9,Total Nascuti Vii
2021,Alba,322458,2873,12348,15184,3124
2021,Arad,414487,3964,16736,19981,4351
2021,Arges,571449,5111,21387,25881,5459
2021,Bacau,578123,5762,26389,32474,6487
2021,Bihor,558793,5677,23969,28710,6061
2021,Bistrita-N.,277058,3173,13510,15829,3456
2021,Botosani,374093,3603,15192,19368,4103
2021,Brasov,553328,6079,25973,30351,6387
2021,Braila,283367,2235,9769,11782,2467
2021,Buzau,406498,3401,14397,18654,3713
2021,Caras-Sev.,267953,2037,9241,11368,2242
2021,Calarasi,278970,2540,11114,14118,2734
2021,Cluj,710075,6967,29231,33005,7347
2021,Constanta,670094,6426,28833,35566,6774
2021,Covasna,200841,2081,8721,11154,2187
2021,Dambovita,485134,4142,17100,21936,4545
2021,Dolj,618496,5626,24619,29312,6148
2021,Galati,497372,4633,20679,23833,5221
2021,Giurgiu,262223,2160,9351,12256,2308
2021,Gorj,310118,2294,9791,12890,2712
2021,Harghita,300403,2990,12673,16081,3213
2021,Hunedoara,376932,3035,14068,16178,3291
2021,Ialomita,253052,2400,10716,13786,2576
2021,Iasi,792824,9537,41414,46446,10607
2021,Ilfov,495248,4684,21299,26010,4796
2021,Maramures,456728,4337,19368,21975,4751
2021,Mehedinti,237818,1660,7221,10444,2292
2021,Mures,531306,5437,23173,28504,5682
2021,Neamt,435598,4141,18607,22877,4651
2021,Olt,387803,3059,13053,15757,3359
2021,Prahova,708028,5765,25594,31772,6227
2021,Satu-Mare,330190,3224,14391,17032,3559
2021,Salaj,209597,2378,9496,11436,2568
2021,Sibiu,400804,4143,18419,21812,4465
2021,Suceava,621123,7591,32745,36917,8550
2021,Teleorman,326555,2441,10534,13419,2693
2021,Timis,705682,7042,30246,34155,7545
2021,Tulcea,190997,1558,6946,9416,1650
2021,Vaslui,369570,4362,18701,22316,5108
2021,Valcea,347250,2576,11056,14515,2770
2021,Vrancea,315886,2840,13185,16790,3169
2021,M.Bucuresti,1827390,20409,84033,90278,21761
2021,Alba,163216,1403,5943,7463,3124
2021,Arad,211996,1886,8177,9519,4351
2021,Arges,291891,2441,10411,12508,5459
2021,Bacau,292028,2796,12850,15796,6487
2021,Bihor,284939,2753,11558,13982,6061
2021,Bistrita-N.,139117,1549,6601,7729,3456
2021,Botosani,187157,1756,7427,9470,4103
2021,Brasov,283776,2967,12611,14782,6387
2021,Braila,144092,1060,4718,5714,2467
2021,Buzau,206233,1673,7067,8964,3713
2021,Caras-Sev.,136754,968,4474,5608,2242
2021,Calarasi,140942,1257,5381,6797,2734
2021,Cluj,367507,3361,14320,16020,7347
2021,Constanta,344780,3203,14089,17502,6774
2021,Covasna,101160,986,4251,5429,2187
2021,Dambovita,244202,2029,8333,10670,4545
2021,Dolj,315772,2691,11928,14244,6148
2021,Galati,252607,2261,10091,11724,5221
2021,Giurgiu,131096,1038,4545,5870,2308
2021,Gorj,156336,1119,4719,6186,2712
2021,Harghita,151803,1427,6118,7857,3213
2021,Hunedoara,191957,1510,6817,7887,3291
2021,Ialomita,127791,1150,5188,6802,2576
2021,Iasi,397990,4656,20233,22556,10607
2021,Ilfov,251990,2231,10290,12708,4796
2021,Maramures,232439,2086,9448,10771,4751
2021,Mehedinti,120274,808,3522,5172,2292
2021,Mures,269901,2596,11208,13783,5682
2021,Neamt,220709,2017,9074,11269,4651
2021,Olt,196034,1531,6390,7706,3359
2021,Prahova,362341,2792,12448,15316,6227
2021,Satu-Mare,169616,1558,7022,8164,3559
2021,Salaj,106447,1163,4655,5674,2568
2021,Sibiu,205731,1993,9022,10490,4465
2021,Suceava,312300,3713,15908,18005,8550
2021,Teleorman,164625,1161,5082,6460,2693
2021,Timis,362571,3405,14747,16670,7545
2021,Tulcea,95537,762,3402,4599,1650
2021,Vaslui,183123,2135,9142,10870,5108
2021,Valcea,176461,1252,5393,6993,2770
2021,Vrancea,160821,1374,6488,8151,3169
2021,M.Bucuresti,977381,9894,40789,43615,21761
2022,Alba,372579,2813,12806,16542,2732
2022,Arad,469125,3874,17556,21544,3806
2022,Arges,629989,4972,22038,27294,4919
2022,Bacau,735576,5451,27730,36649,5320
2022,Bihor,615444,5419,24788,30425,5446
2022,Bistrita-N.,327523,3050,14130,17362,3060
2022,Botosani,455446,3423,17019,22370,3500
2022,Brasov,638369,5638,26960,33155,5820
2022,Braila,338789,2157,10131,12807,2110
2022,Buzau,458854,3308,15009,20435,3218
2022,Caras-Sev.,313956,1892,9723,12366,1929
2022,Calarasi,305391,2400,11532,14862,2453
2022,Cluj,737992,6789,29923,34408,6667
2022,Constanta,762214,6142,29659,38124,6263
2022,Covasna,225407,1954,9115,11691,2066
2022,Dambovita,516974,4002,18858,24076,4115
2022,Dolj,683962,5166,25806,31508,5288
2022,Galati,627530,4348,21928,26897,4279
2022,Giurgiu,267712,2039,9764,12572,2110
2022,Gorj,353842,2445,11432,14598,2414
2022,Harghita,329775,2874,12980,16504,2861
2022,Hunedoara,451138,2830,14560,17574,2897
2022,Ialomita,284025,2240,11342,14900,2322
2022,Iasi,968512,8566,44427,53139,8772
2022,Ilfov,457541,4575,21832,25978,4488
2022,Maramures,519386,4068,20259,24329,4158
2022,Mehedinti,275782,1818,9691,12088,1876
2022,Mures,589072,5269,23999,29491,5437
2022,Neamt,564100,3995,19759,26158,3925
2022,Olt,428766,2913,13544,16831,2930
2022,Prahova,784439,5568,26886,33436,5593
2022,Satu-Mare,385190,2927,14897,18841,3054
2022,Salaj,242986,2420,10309,12826,2431
2022,Sibiu,469304,3953,19040,23899,3903
2022,Suceava,763503,7067,35820,44640,7532
2022,Teleorman,363189,2242,11074,14519,2303
2022,Timis,759416,6679,31144,35625,6683
2022,Tulcea,233108,1538,7306,10737,1582
2022,Vaslui,506084,4101,20797,25797,3922
2022,Valcea,393452,2423,11540,15509,2492
2022,Vrancea,381471,2688,14233,18888,2749
2022,M.Bucuresti,2155240,18564,83739,97459,19184
2022,Alba,188775,1347,6163,8054,2732
2022,Arad,241151,1894,8603,10338,3806
2022,Arges,324035,2358,10681,13333,4919
2022,Bacau,372315,2617,13556,17915,5320
2022,Bihor,315125,2673,11898,14853,5446
2022,Bistrita-N.,164775,1478,6883,8493,3060
2022,Botosani,227212,1648,8302,10984,3500
2022,Brasov,329558,2759,13137,16094,5820
2022,Braila,174783,996,4936,6254,2110
2022,Buzau,234998,1650,7334,9869,3218
2022,Caras-Sev.,160203,895,4736,6071,1929
2022,Calarasi,155476,1191,5584,7179,2453
2022,Cluj,382349,3272,14638,16643,6667
2022,Constanta,392918,3097,14428,18640,6263
2022,Covasna,114377,944,4473,5649,2066
2022,Dambovita,263696,1950,9138,11724,4115
2022,Dolj,352851,2487,12535,15273,5288
2022,Galati,317671,2165,10648,13248,4279
2022,Giurgiu,136080,977,4759,6010,2110
2022,Gorj,178480,1176,5489,7069,2414
2022,Harghita,167195,1402,6218,8142,2861
2022,Hunedoara,231327,1481,6999,8557,2897
2022,Ialomita,144571,1085,5469,7282,2322
2022,Iasi,483202,4248,21662,25821,8772
2022,Ilfov,235400,2229,10553,12674,4488
2022,Maramures,263780,1997,9887,11826,4158
2022,Mehedinti,139833,882,4765,5925,1876
2022,Mures,299960,2538,11548,14221,5437
2022,Neamt,286992,1967,9651,12787,3925
2022,Olt,216652,1495,6609,8195,2930
2022,Prahova,404528,2723,13107,16077,5593
2022,Satu-Mare,196917,1442,7246,9013,3054
2022,Salaj,123537,1169,5085,6359,2431
2022,Sibiu,240825,1886,9383,11504,3903
2022,Suceava,381813,3450,17413,21799,7532
2022,Teleorman,184317,1061,5330,6994,2303
2022,Timis,392733,3197,15175,17359,6683
2022,Tulcea,117154,771,3552,5234,1582
2022,Vaslui,248844,2025,10157,12624,3922
2022,Valcea,200431,1172,5648,7496,2492
2022,Vrancea,194644,1301,6961,9179,2749
2022,M.Bucuresti,1146978,8990,40677,47311,19184
