Judetul,Anul,Total Nascuti Vii
Alba,2021,3124
Arad,2021,4351
Arges,2021,5459
Bacau,2021,6487
Bihor,2021,6061
Bistrita-N.,2021,3456
Botosani,2021,4103
Brasov,2021,6387
Braila,2021,2467
Buzau,2021,3713
Caras-Sev.,2021,2242
Calarasi,2021,2734
Cluj,2021,7347
Constanta,2021,6774
Covasna,2021,2187
Dambovita,2021,4545
Dolj,2021,6148
Galati,2021,5221
Giurgiu,2021,2308
Gorj,2021,2712
Harghita,2021,3213
Hunedoara,2021,3291
Ialomita,2021,2576
Iasi,2021,10607
Ilfov,2021,4796
Maramures,2021,4751
Mehedinti,2021,2292
Mures,2021,5682
Neamt,2021,4651
Olt,2021,3359
Prahova,2021,6227
Satu-Mare,2021,3559
Salaj,2021,2568
Sibiu,2021,4465
Suceava,2021,8550
Teleorman,2021,2693
Timis,2021,7545
Tulcea,2021,1650
Vaslui,2021,5108
Valcea,2021,2770
Vrancea,2021,3169
M.Bucuresti,2021,21761
,,
Judetul,Anul,Total Nascuti Vii
Alba,2022,2732
Arad,2022,3806
Arges,2022,4919
Bacau,2022,5320
Bihor,2022,5446
Bistrita-N.,2022,3060
Botosani,2022,3500
Brasov,2022,5820
Braila,2022,2110
Buzau,2022,3218
Caras-Sev.,2022,1929
Calarasi,2022,2453
Cluj,2022,6667
Constanta,2022,6263
Covasna,2022,2066
Dambovita,2022,4115
Dolj,2022,5288
Galati,2022,4279
Giurgiu,2022,2110
Gorj,2022,2414
Harghita,2022,2861
Hunedoara,2022,2897
Ialomita,2022,2322
Iasi,2022,8772
Ilfov,2022,4488
Maramures,2022,4158
Mehedinti,2022,1876
Mures,2022,5437
Neamt,2022,3925
Olt,2022,2930
Prahova,2022,5593
Satu-Mare,2022,3054
Salaj,2022,2431
Sibiu,2022,3903
Suceava,2022,7532
Teleorman,2022,2303
Timis,2022,6683
Tulcea,2022,1582
Vaslui,2022,3922
Valcea,2022,2492
Vrancea,2022,2749
M.Bucuresti,2022,19184
