Anul,Nr.,Judetul,Total,0-1, 1-4, 5-9
,,TOTAL,19261714,186393,805288,961568
2021,1,Alba,322458,2873,12348,15184
2021,2,Arad,414487,3964,16736,19981
2021,3,Arges,571449,5111,21387,25881
2021,4,Bacau,578123,5762,26389,32474
2021,5,Bihor,558793,5677,23969,28710
2021,6,Bistrita-N.,277058,3173,13510,15829
2021,7,Botosani,374093,3603,15192,19368
2021,8,Brasov,553328,6079,25973,30351
2021,9,Braila,283367,2235,9769,11782
2021,10,Buzau,406498,3401,14397,18654
2021,11,Caras-Sev.,267953,2037,9241,11368
2021,12,Calarasi,278970,2540,11114,14118
2021,13,Cluj,710075,6967,29231,33005
2021,14,Constanta,670094,6426,28833,35566
2021,15,Covasna,200841,2081,8721,11154
2021,16,Dambovita,485134,4142,17100,21936
2021,17,Dolj,618496,5626,24619,29312
2021,18,Galati,497372,4633,20679,23833
2021,19,Giurgiu,262223,2160,9351,12256
2021,20,Gorj,310118,2294,9791,12890
2021,21,Harghita,300403,2990,12673,16081
2021,22,Hunedoara,376932,3035,14068,16178
2021,23,Ialomita,253052,2400,10716,13786
2021,24,Iasi,792824,9537,41414,46446
2021,25,Ilfov,495248,4684,21299,26010
2021,26,Maramures,456728,4337,19368,21975
2021,27,Mehedinti,237818,1660,7221,10444
2021,28,Mures,531306,5437,23173,28504
2021,29,Neamt,435598,4141,18607,22877
2021,30,Olt,387803,3059,13053,15757
2021,31,Prahova,708028,5765,25594,31772
2021,32,Satu-Mare,330190,3224,14391,17032
2021,33,Salaj,209597,2378,9496,11436
2021,34,Sibiu,400804,4143,18419,21812
2021,35,Suceava,621123,7591,32745,36917
2021,36,Teleorman,326555,2441,10534,13419
2021,37,Timis,705682,7042,30246,34155
2021,38,Tulcea,190997,1558,6946,9416
2021,39,Vaslui,369570,4362,18701,22316
2021,40,Valcea,347250,2576,11056,14515
2021,41,Vrancea,315886,2840,13185,16790
2021,42,M.Bucuresti,1827390,20409,84033,90278
2021,Nr.,Judetul,TOTAL,0-1, 1-4, 5-9
2021,,TOTAL,9833443,90411,391880,467495
2021,1,Alba,163216,1403,5943,7463
2021,2,Arad,211996,1886,8177,9519
2021,3,Arges,291891,2441,10411,12508
2021,4,Bacau,292028,2796,12850,15796
2021,5,Bihor,284939,2753,11558,13982
2021,6,Bistrita-N.,139117,1549,6601,7729
2021,7,Botosani,187157,1756,7427,9470
2021,8,Brasov,283776,2967,12611,14782
2021,9,Braila,144092,1060,4718,5714
2021,10,Buzau,206233,1673,7067,8964
2021,11,Caras-Sev.,136754,968,4474,5608
2021,12,Calarasi,140942,1257,5381,6797
2021,13,Cluj,367507,3361,14320,16020
2021,14,Constanta,344780,3203,14089,17502
2021,15,Covasna,101160,986,4251,5429
2021,16,Dambovita,244202,2029,8333,10670
2021,17,Dolj,315772,2691,11928,14244
2021,18,Galati,252607,2261,10091,11724
2021,19,Giurgiu,131096,1038,4545,5870
2021,20,Gorj,156336,1119,4719,6186
2021,21,Harghita,151803,1427,6118,7857
2021,22,Hunedoara,191957,1510,6817,7887
2021,23,Ialomita,127791,1150,5188,6802
2021,24,Iasi,397990,4656,20233,22556
2021,25,Ilfov,251990,2231,10290,12708
2021,26,Maramures,232439,2086,9448,10771
2021,27,Mehedinti,120274,808,3522,5172
2021,28,Mures,269901,2596,11208,13783
2021,29,Neamt,220709,2017,9074,11269
2021,30,Olt,196034,1531,6390,7706
2021,31,Prahova,362341,2792,12448,15316
2021,32,Satu-Mare,169616,1558,7022,8164
2021,33,Salaj,106447,1163,4655,5674
2021,34,Sibiu,205731,1993,9022,10490
2021,35,Suceava,312300,3713,15908,18005
2021,36,Teleorman,164625,1161,5082,6460
2021,37,Timis,362571,3405,14747,16670
2021,38,Tulcea,95537,762,3402,4599
2021,39,Vaslui,183123,2135,9142,10870
2021,40,Valcea,176461,1252,5393,6993
2021,41,Vrancea,160821,1374,6488,8151
2021,42,M.Bucuresti,977381,9894,40789,43615
2022,Nr.,Judetul,Total,0-1, 1-4, 5-9
2022,,TOTAL,22142153,176600,845085,1048853
2022,1,Alba,372579,2813,12806,16542
2022,2,Arad,469125,3874,17556,21544
2022,3,Arges,629989,4972,22038,27294
2022,4,Bacau,735576,5451,27730,36649
2022,5,Bihor,615444,5419,24788,30425
2022,6,Bistrita-N.,327523,3050,14130,17362
2022,7,Botosani,455446,3423,17019,22370
2022,8,Brasov,638369,5638,26960,33155
2022,9,Braila,338789,2157,10131,12807
2022,10,Buzau,458854,3308,15009,20435
2022,11,Caras-Sev.,313956,1892,9723,12366
2022,12,Calarasi,305391,2400,11532,14862
2022,13,Cluj,737992,6789,29923,34408
2022,14,Constanta,762214,6142,29659,38124
2022,15,Covasna,225407,1954,9115,11691
2022,16,Dambovita,516974,4002,18858,24076
2022,17,Dolj,683962,5166,25806,31508
2022,18,Galati,627530,4348,21928,26897
2022,19,Giurgiu,267712,2039,9764,12572
2022,20,Gorj,353842,2445,11432,14598
2022,21,Harghita,329775,2874,12980,16504
2022,22,Hunedoara,451138,2830,14560,17574
2022,23,Ialomita,284025,2240,11342,14900
2022,24,Iasi,968512,8566,44427,53139
2022,25,Ilfov,457541,4575,21832,25978
2022,26,Maramures,519386,4068,20259,24329
2022,27,Mehedinti,275782,1818,9691,12088
2022,28,Mures,589072,5269,23999,29491
2022,29,Neamt,564100,3995,19759,26158
2022,30,Olt,428766,2913,13544,16831
2022,31,Prahova,784439,5568,26886,33436
2022,32,Satu-Mare,385190,2927,14897,18841
2022,33,Salaj,242986,2420,10309,12826
2022,34,Sibiu,469304,3953,19040,23899
2022,35,Suceava,763503,7067,35820,44640
2022,36,Teleorman,363189,2242,11074,14519
2022,37,Timis,759416,6679,31144,35625
2022,38,Tulcea,233108,1538,7306,10737
2022,39,Vaslui,506084,4101,20797,25797
2022,40,Valcea,393452,2423,11540,15509
2022,41,Vrancea,381471,2688,14233,18888
2022,42,M.Bucuresti,2155240,18564,83739,97459
2022,Nr.,Judetul,TOTAL,0-1, 1-4, 5-9
2022,,TOTAL,11328461,86085,411016,510072
2022,1,Alba,188775,1347,6163,8054
2022,2,Arad,241151,1894,8603,10338
2022,3,Arges,324035,2358,10681,13333
2022,4,Bacau,372315,2617,13556,17915
2022,5,Bihor,315125,2673,11898,14853
2022,6,Bistrita-N.,164775,1478,6883,8493
2022,7,Botosani,227212,1648,8302,10984
2022,8,Brasov,329558,2759,13137,16094
2022,9,Braila,174783,996,4936,6254
2022,10,Buzau,234998,1650,7334,9869
2022,11,Caras-Sev.,160203,895,4736,6071
2022,12,Calarasi,155476,1191,5584,7179
2022,13,Cluj,382349,3272,14638,16643
2022,14,Constanta,392918,3097,14428,18640
2022,15,Covasna,114377,944,4473,5649
2022,16,Dambovita,263696,1950,9138,11724
2022,17,Dolj,352851,2487,12535,15273
2022,18,Galati,317671,2165,10648,13248
2022,19,Giurgiu,136080,977,4759,6010
2022,20,Gorj,178480,1176,5489,7069
2022,21,Harghita,167195,1402,6218,8142
2022,22,Hunedoara,231327,1481,6999,8557
2022,23,Ialomita,144571,1085,5469,7282
2022,24,Iasi,483202,4248,21662,25821
2022,25,Ilfov,235400,2229,10553,12674
2022,26,Maramures,263780,1997,9887,11826
2022,27,Mehedinti,139833,882,4765,5925
2022,28,Mures,299960,2538,11548,14221
2022,29,Neamt,286992,1967,9651,12787
2022,30,Olt,216652,1495,6609,8195
2022,31,Prahova,404528,2723,13107,16077
2022,32,Satu-Mare,196917,1442,7246,9013
2022,33,Salaj,123537,1169,5085,6359
2022,34,Sibiu,240825,1886,9383,11504
2022,35,Suceava,381813,3450,17413,21799
2022,36,Teleorman,184317,1061,5330,6994
2022,37,Timis,392733,3197,15175,17359
2022,38,Tulcea,117154,771,3552,5234
2022,39,Vaslui,248844,2025,10157,12624
2022,40,Valcea,200431,1172,5648,7496
2022,41,Vrancea,194644,1301,6961,9179
2022,42,M.Bucuresti,1146978,8990,40677,47311
